{
    "loss": 0.9092391729354858,
    "accuracy": 0.8879310488700867
}