{
    "loss": 0.6082413196563721,
    "accuracy": 0.9396551847457886
}