{
    "loss": 0.6553164720535278,
    "accuracy": 0.9482758641242981
}